{"cameraMode":{"drawMode":0,"name":"Shaded","section":"Shading Mode"},"sceneLighting":true,"audioPlay":false,"sceneViewState":{"showFog":true,"showMaterialUpdate":false,"showSkybox":true,"showFlares":true,"showImageEffects":true,"showParticleSystems":true},"in2DMode":false,"pivot":{"x":-3.113419771194458,"y":4.919697284698486,"z":-3.59560489654541},"rotation":{"x":-0.1851697713136673,"y":-0.025943251326680185,"z":0.004890231881290674,"w":-0.9823541641235352},"size":2.480224132537842,"orthographic":false}